longitude,latitude,intensity
55.0,34.0,32.07102984814181
55.0,34.1,32.65005725247589
55.0,34.2,33.418989334499045
55.0,34.3,34.283014553615395
55.0,34.4,35.09918922358354
55.0,34.5,35.762209999332434
55.0,34.6,36.27939011383457
55.0,34.7,36.66987911546488
55.0,34.8,36.93931784515273
55.0,35.1,36.87542753515732
55.0,35.4,36.483778384581896
55.0,35.5,36.276174789507195
55.0,35.6,35.96499758176334
55.0,35.7,35.57830242836495
55.0,35.8,35.13402635390269
55.0,35.9,34.633356996287326
55.0,36.3,32.066905242874654
55.0,36.6,29.704702403810092
55.0,36.8,27.93074378155241
55.0,37.0,26.539004977248045
55.1,34.1,32.93112871281357
55.1,34.3,34.904267503900606
55.1,34.5,36.595751786871254
55.1,34.6,37.1443576831213
55.1,34.7,37.55683321248455
55.1,34.8,37.82878616423655
55.1,34.9,37.93983459602012
55.1,35.0,37.86700616566934
55.1,35.2,37.58544148127158
55.1,35.3,37.46806942874114
55.1,35.4,37.31442020617318
55.1,35.6,36.75487762615908
55.1,35.7,36.34950053907456
55.1,35.8,35.899064954321474
55.1,35.9,35.39918167236572
55.1,36.1,34.21515773727218
55.1,36.3,32.834155083308005
55.1,36.4,32.06042934520095
55.1,36.5,31.215856311963503
55.1,36.6,30.315161630196023
55.1,36.7,29.36346664240564
55.1,36.8,28.379627396972275
55.1,36.9,27.433791269245162
55.1,37.0,26.72188135438103
55.2,34.0,32.83403078953019
55.2,34.2,34.52099948870131
55.2,34.3,35.66096657338658
55.2,34.5,37.48305274100236
55.2,34.6,38.070471317396525
55.2,34.7,38.51151131623168
55.2,34.8,38.79581064526483
55.2,34.9,38.907688510222115
55.2,35.0,38.84746012021796
55.2,35.2,38.543614574394
55.2,35.3,38.37636014565403
55.2,35.4,38.15988675431746
55.2,35.5,37.8857572408121
55.2,35.6,37.53602531673568
55.2,35.7,37.13393797220182
55.2,35.8,36.69132481331764
55.2,35.9,36.20701020396164
55.2,36.0,35.679713687600376
55.2,36.1,35.09554983584181
55.2,36.2,34.44571074169035
55.2,36.3,33.72418938030939
55.2,36.4,32.91628346393293
55.2,36.5,32.02130271875056
55.2,36.6,31.051184057561436
55.2,36.7,30.02703594122604
55.2,36.9,27.904410826557594
55.3,34.0,33.58909889877477
55.3,34.1,34.33915242176171
55.3,34.2,35.35528913964089
55.3,34.3,36.4904877707696
55.3,34.5,38.39694030385345
55.3,34.6,39.04449283153063
55.3,34.7,39.532355389483094
55.3,34.8,39.84965592258698
55.3,34.9,39.98524488516863
55.3,35.0,39.942350117250044
55.3,35.2,39.57206504547607
55.3,35.3,39.31827714445191
55.3,35.4,39.01659513580095
55.3,35.5,38.67738538764232
55.3,35.6,38.31612455333062
55.3,35.8,37.503148306186944
55.3,36.0,36.563603149488216
55.3,36.1,36.03404325667926
55.3,36.2,35.42566697236765
55.3,36.3,34.703659194284874
55.3,36.4,33.867008059742076
55.3,36.5,32.923538482387514
55.3,36.6,31.88605331228089
55.3,36.7,30.777680762208085
55.3,36.8,29.63669778127164
55.3,37.0,27.652899270183525
55.4,34.0,34.320712959299236
55.4,34.1,35.16460312720688
55.4,34.2,36.19572958880605
55.4,34.3,37.32258426662714
55.4,34.4,38.408212018796384
55.4,34.5,39.327049754279265
55.4,34.6,40.06046147677675
55.4,34.7,40.60993562892567
55.4,34.8,40.970377093333845
55.4,35.0,41.093824414973675
55.4,35.2,40.62087772158803
55.4,35.3,40.269719522270115
55.4,35.4,39.87899894301883
55.4,35.6,39.09271621516232
55.4,35.8,38.324496333188264
55.4,35.9,37.90461975883378
55.4,36.0,37.4717165024206
55.4,36.1,37.00420566382203
55.4,36.3,35.74766684761666
55.4,36.4,34.891375243216714
55.4,36.5,33.90400136284356
55.4,36.6,32.80109952566173
55.4,36.7,31.604299010766773
55.4,36.8,30.36170091229467
55.4,36.9,29.216149615048778
55.4,37.0,28.321517944371042
55.5,34.0,34.95773242041927
55.5,34.1,35.884824149104986
55.5,34.2,36.97314127002476
55.5,34.3,38.14242028596849
55.5,34.4,39.28484993387419
55.5,34.5,40.297200549429405
55.5,34.6,41.11826356352743
55.5,34.7,41.731236818397726
55.5,34.8,42.12954549762249
55.5,34.9,42.29941759731996
55.5,35.0,42.240634216779206
55.5,35.1,42.002720878679405
55.5,35.2,41.63749767277994
55.5,35.3,41.20122346369301
55.5,35.5,40.2780358098634
55.5,35.7,39.49309736783422
55.5,35.8,39.12561880098527
55.5,35.9,38.75137870889878
55.5,36.2,37.50295498631878
55.5,36.3,36.83199570297781
55.5,36.4,35.96537368449408
55.5,36.5,34.935225497561326
55.5,36.6,33.76516323370786
55.5,36.8,31.094116545273184
55.5,37.0,28.933499102364255
55.6,34.0,35.472545125128626
55.6,34.1,36.48626808910955
55.6,34.2,37.66670700429739
55.6,34.3,38.92763286523492
55.6,34.4,40.17613792373642
55.6,34.5,41.303556214678814
55.6,34.6,42.20473677911816
55.6,34.7,42.87640666264412
55.6,34.8,43.315234195362585
55.6,34.9,43.49030822355769
55.6,35.0,43.37787296835191
55.6,35.1,43.05445900157831
55.6,35.2,42.60072197446857
55.6,35.3,42.080820064800896
55.6,35.4,41.54958802578578
55.6,35.5,41.05105607782871
55.6,35.6,40.611913841465665
55.6,35.7,40.24158742974812
55.6,35.8,39.90188565939463
55.6,36.0,39.31100490732899
55.6,36.1,39.00952175185083
55.6,36.2,38.59398498549451
55.6,36.3,37.951161797567515
55.6,36.4,37.05113690497275
55.6,36.5,35.967725382119305
55.6,36.7,33.27616829717558
55.6,36.8,31.81171349415723
55.6,37.0,29.535524075959795
55.7,34.0,35.84529189927863
55.7,34.1,36.96248721831699
55.7,34.2,38.26463736790123
55.7,34.4,41.017943747774396
55.7,34.6,43.26795513945229
55.7,34.7,44.004242358788446
55.7,34.8,44.48769545931284
55.7,35.0,44.47545427979614
55.7,35.1,44.04362004871653
55.7,35.2,43.480066436647036
55.7,35.3,42.86233761075414
55.7,35.4,42.25795211620012
55.7,35.5,41.71877871934411
55.7,35.6,41.2737089979626
55.7,35.7,40.922521273634565
55.7,35.8,40.640651662781664
55.7,35.9,40.40778939868239
55.7,36.0,40.21107073771806
55.7,36.1,39.98692336672822
55.7,36.4,38.04729143914005
55.7,36.6,35.51930327214784
55.7,36.7,34.020031470713356
55.7,36.8,32.52506879649799
55.7,36.9,31.179487282998405
55.7,37.0,30.14057267275553
55.8,34.1,37.35133493252329
55.8,34.2,38.76357051153816
55.8,34.4,41.724889651272555
55.8,34.5,43.09609124846197
55.8,34.6,44.2316364695229
55.8,34.7,45.06369768262375
55.8,34.8,45.58159968297
55.8,34.9,45.72731399034879
55.8,35.0,45.47065160248534
55.8,35.1,44.925025856056685
55.8,35.2,44.23065364252468
55.8,35.3,43.49635800598837
55.8,35.4,42.80483012397739
55.8,35.5,42.2217221364187
55.8,35.6,41.781939620422705
55.8,35.7,41.47636787118921
55.8,35.8,41.27377983422278
55.8,35.9,41.13479588957636
55.8,36.1,40.822926128278745
55.8,36.3,39.81161575898008
55.8,36.4,38.829636424597616
55.8,36.5,37.62123641692307
55.8,36.6,36.21649365587048
55.8,36.7,34.70855629701821
55.8,36.8,33.19767359269502
55.8,37.0,30.68919932205044
55.9,34.0,36.5149100480371
55.9,34.1,37.71960898465734
55.9,34.2,39.1462890928411
55.9,34.3,40.7060393452707
55.9,34.4,42.279109817654195
55.9,34.5,43.76957511303551
55.9,34.7,45.99171694355193
55.9,34.8,46.582220143194846
55.9,34.9,46.702397461651366
55.9,35.0,46.34974263247749
55.9,35.1,45.64752089411632
55.9,35.2,44.80032977390387
55.9,35.3,43.937231348518374
55.9,35.4,43.14508718061365
55.9,35.5,42.51309949932344
55.9,35.6,42.1015393534356
55.9,35.7,41.86388945793439
55.9,35.8,41.75598261474361
55.9,35.9,41.71966743926244
55.9,36.0,41.6713171581245
55.9,36.1,41.51875350449833
55.9,36.2,41.15928682613937
55.9,36.3,40.49354046591086
55.9,36.4,39.49160235994543
55.9,36.5,38.25186570649959
55.9,36.6,36.8519749702796
55.9,36.9,32.42667023892709
56.0,34.0,36.79579390034546
56.0,34.1,37.98300310690696
56.0,34.3,41.02013509417047
56.0,34.4,42.67452659550003
56.0,34.5,44.24978579631915
56.0,34.6,45.61605117095593
56.0,34.7,46.62855208989188
56.0,35.1,46.102407015479116
56.0,35.2,45.1291249515168
56.0,35.3,44.15216259674028
56.0,35.4,43.26066756058438
56.0,35.6,42.241580161520154
56.0,35.9,42.161208524444206
56.0,36.0,42.20362974306064
56.0,36.1,42.110760227053945
56.0,36.2,41.749866373623945
56.0,36.4,40.06159227489114
56.0,36.5,38.81317710806355
56.0,36.6,37.44002531261158
56.0,36.9,33.07907162565993
56.1,34.0,36.89986139061854
56.1,34.1,38.09637866324205
56.1,34.2,39.5544559671302
56.1,34.3,41.201760672666325
56.1,34.4,42.891446724564794
56.1,34.5,44.48979496562856
56.1,34.7,46.80281291922072
56.1,34.8,47.3754824166914
56.1,34.9,47.45430191581854
56.1,35.0,47.0004559934766
56.1,35.1,46.157877310502066
56.1,35.3,44.12837540190276
56.1,35.6,42.26893307406224
56.1,35.9,42.44476200706874
56.1,36.0,42.54874827259855
56.1,36.2,42.136967255535936
56.1,36.4,40.45747930983025
56.1,36.5,39.252399897886455
56.1,36.7,36.513811866013334
56.1,36.8,35.07532008797011
56.1,36.9,33.6982534879161
56.1,37.0,32.491726142308465
56.2,34.0,36.822675257099725
56.2,34.1,38.02047335782252
56.2,34.2,39.53159338185103
56.2,34.3,41.206716458820615
56.2,34.5,44.41615397845759
56.2,34.6,45.66658167235071
56.2,34.7,46.55176686155542
56.2,34.8,47.09704638308321
56.2,34.9,47.201775601552924
56.2,35.0,46.72848883298144
56.2,35.1,45.86979386332137
56.2,35.2,44.85956022874431
56.2,35.3,43.85104357994149
56.2,35.4,42.987691983003
56.2,35.5,42.40757343624873
56.2,35.6,42.17001958890265
56.2,35.7,42.16965145977829
56.2,35.8,42.30539155166476
56.2,36.0,42.5891026222568
56.2,36.1,42.55387239383484
56.2,36.2,42.24066419374248
56.2,36.3,41.6094245053537
56.2,36.4,40.66581819436153
56.2,36.5,39.52468132181027
56.2,36.7,36.925337711412524
56.2,36.8,35.53305690760939
56.2,36.9,34.2004972699682
56.2,37.0,33.03256363994659
56.3,34.2,39.37609034829055
56.3,34.4,42.68180104689309
56.3,34.5,44.118143745726165
56.3,34.6,45.2038589099805
56.3,34.7,46.00451153296681
56.3,34.8,46.56191862906088
56.3,35.0,46.222411099719025
56.3,35.1,45.28961192972898
56.3,35.2,44.2528111957195
56.3,35.3,43.281906766250366
56.3,35.4,42.49647860016837
56.3,35.5,41.9986455948318
56.3,35.6,41.82639796357998
56.3,35.8,42.02941044203386
56.3,35.9,42.2205919705198
56.3,36.0,42.35474194833227
56.3,36.1,42.361317506230385
56.3,36.4,40.70987276945898
56.3,36.5,39.63728143954655
56.3,36.6,38.461142580854215
56.3,36.8,35.86464622606691
56.3,37.0,33.43552509557529
56.4,34.1,37.7470004834258
56.4,34.2,39.19363498326173
56.4,34.3,40.75348820093586
56.4,34.4,42.30095771008768
56.4,34.6,44.49554630192644
56.4,34.7,45.15852640165031
56.4,34.8,45.648695491410955
56.4,34.9,45.800720135052224
56.4,35.1,44.365842448650405
56.4,35.2,43.32564270207421
56.4,35.3,42.40164338183815
56.4,35.4,41.684236533932896
56.4,35.6,41.20695430676262
56.4,35.7,41.31264843465289
56.4,35.8,41.50083349468885
56.4,35.9,41.724401185316424
56.4,36.0,41.91979526574393
56.4,36.1,41.98924235438439
56.4,36.3,41.29944586363889
56.4,36.5,39.57927570357906
56.4,36.6,38.487127594121645
56.4,36.8,36.057960068447954
56.4,36.9,34.83168366082543
56.4,37.0,33.7268061621678
56.5,34.0,36.618584686740604
56.5,34.1,37.65505418205131
56.5,34.2,38.91725605424338
56.5,34.3,40.297796666678344
56.5,34.5,42.697863630322544
56.5,34.6,43.441193535942695
56.5,34.7,43.99309935654977
56.5,34.8,44.38861868377464
56.5,35.0,43.944909420014596
56.5,35.1,43.04873752054527
56.5,35.3,41.25656395766812
56.5,35.5,40.37533175662476
56.5,35.7,40.537627579490106
56.5,35.8,40.76905953182807
56.5,35.9,41.037605918381836
56.5,36.0,41.29377704334968
56.5,36.2,41.2366754756852
56.5,36.3,40.807238357227526
56.5,36.4,40.18123900301192
56.5,36.5,39.35305189185664
56.5,36.6,38.36622318503963
56.5,36.7,37.272671329818294
56.5,36.8,36.112410260752824
56.5,36.9,34.96241634977542
56.5,37.0,33.8922795496736
56.6,34.0,36.53050343814142
56.6,34.1,37.42714221032171
56.6,34.2,38.4864526858887
56.6,34.3,39.61901514276088
56.6,34.4,40.6892858340771
56.6,34.5,41.537167187198264
56.6,34.6,42.153522430441065
56.6,34.7,42.570530479772735
56.6,34.8,42.787931244016974
56.6,34.9,42.71190703498097
56.6,35.0,42.213250725976955
56.6,35.2,40.63515584369169
56.6,35.3,39.932149255661386
56.6,35.4,39.46558406174356
56.6,35.5,39.30010445176039
56.6,35.6,39.36890079870042
56.6,35.8,39.86371714131487
56.6,35.9,40.17687612772913
56.6,36.0,40.45759513794264
56.6,36.1,40.60159610365419
56.6,36.2,40.50190063195076
56.6,36.3,40.19302016135999
56.6,36.4,39.70175612542379
56.6,36.6,38.14879041707823
56.6,36.7,37.142042461633714
56.6,36.8,36.0560705407561
56.6,36.9,34.959513127894084
56.6,37.0,33.92803654174549
56.7,34.0,36.295090369662965
56.7,34.1,37.055183913867765
56.7,34.2,37.926435192693184
56.7,34.3,38.82521478566553
56.7,34.4,39.649655620463925
56.7,34.5,40.31092709541431
56.7,34.6,40.77193036803535
56.7,34.7,41.02706872442497
56.7,34.8,41.063108152181904
56.7,34.9,40.8437971446254
56.7,35.0,40.359305219962344
56.7,35.1,39.69454390379967
56.7,35.2,38.987459834990496
56.7,35.3,38.409547706736625
56.7,35.4,38.1011859796571
56.7,35.5,38.043662474376
56.7,35.6,38.181892750216896
56.7,35.7,38.45941750975822
56.7,35.8,38.81258887354301
56.7,35.9,39.18989588281121
56.7,36.0,39.51572478871751
56.7,36.1,39.69088263986009
56.7,36.2,39.68889379077007
56.7,36.3,39.513634691875104
56.7,36.5,38.6181108862779
56.7,36.6,37.868978130478865
56.7,36.7,36.95427972285187
56.7,36.8,35.91919752038605
56.7,36.9,34.837294654443525
56.7,37.0,33.84190835168367
56.8,34.0,35.94312554229337
56.8,34.1,36.57850102217535
56.8,34.2,37.29521315628802
56.8,34.3,38.00282593654487
56.8,34.4,38.62527109136573
56.8,34.5,39.1021483166433
56.8,34.6,39.3944136014959
56.8,34.7,39.48486712571862
56.8,34.8,39.36563688739548
56.8,34.9,39.03568581776216
56.8,35.0,38.518358770516336
56.8,35.1,37.8824830710629
56.8,35.2,37.24018062399508
56.8,35.4,36.5983595359373
56.8,35.5,36.65891027611592
56.8,35.6,36.87549154067944
56.8,35.7,37.23095547738693
56.8,35.8,37.663287881513895
56.8,35.9,38.11751064979733
56.8,36.1,38.75321456476913
56.8,36.2,38.84821958990617
56.8,36.3,38.80551428688021
56.8,36.4,38.60224314816907
56.8,36.5,38.20112430358517
56.8,36.6,37.5646457302257
56.8,36.7,36.72997774213572
56.8,37.0,33.65355434418524
56.9,34.0,35.50265297478858
56.9,34.1,36.04356036988658
56.9,34.3,37.1977123819568
56.9,34.4,37.646306676060995
56.9,34.5,37.95490495928944
56.9,34.6,38.08227548058525
56.9,34.7,38.01495873326469
56.9,34.8,37.754823180241885
56.9,34.9,37.3228757482208
56.9,35.0,36.755389184727946
56.9,35.1,36.11086461136904
56.9,35.2,35.50876908853428
56.9,35.3,35.14334516874202
56.9,35.4,35.09264748249848
56.9,35.5,35.23971921435476
56.9,35.7,35.961348958935595
56.9,35.8,36.46625491096032
56.9,35.9,36.979632444082554
56.9,36.0,37.43910148088288
56.9,36.1,37.77583909016949
56.9,36.2,37.993340782916974
56.9,36.3,38.087560730101714
56.9,36.4,38.03019543743645
56.9,36.6,37.22941547558365
56.9,36.9,34.334647106873824
56.9,37.0,33.39065752357015
57.0,34.1,35.51398776623885
57.0,34.3,36.42902765325065
57.0,34.4,36.72872117909638
57.0,34.5,36.895610189171485
57.0,34.6,36.862058920952045
57.0,34.7,36.65056617455316
57.0,34.8,36.25511796434885
57.0,34.9,35.73015794385595
57.0,35.0,35.11931882883361
57.0,35.1,34.4614404758576
57.0,35.4,33.645148584495615
57.0,35.5,33.87220891050228
57.0,35.6,34.23180113833941
57.0,35.7,34.718292777156286
57.0,35.8,35.27720621380229
57.0,35.9,35.848631582182364
57.0,36.0,36.3752461189499
57.0,36.1,36.81070452238192
57.0,36.2,37.14622891898357
57.0,36.3,37.37968474896896
57.0,36.4,37.433945515650564
57.0,36.5,37.26285925432875
57.0,36.7,35.998308035824046
57.0,36.8,34.98934756918334
57.0,37.0,33.03624805358402
57.1,34.1,35.0854624547539
57.1,34.2,35.43760112152099
57.1,34.3,35.69371785539772
57.1,34.4,35.85756463547683
57.1,34.6,35.69406277708279
57.1,34.8,34.85289154871357
57.1,34.9,34.267686486161814
57.1,35.0,33.64390764200174
57.1,35.1,33.02345792808962
57.1,35.2,32.510793276298045
57.1,35.3,32.268829319243984
57.1,35.4,32.32431415628757
57.1,35.5,32.58547644876082
57.1,35.6,32.993758657341075
57.1,35.7,33.524802530189206
57.1,35.8,34.1400536821119
57.1,35.9,34.78164806242243
57.1,36.0,35.390165511670446
57.1,36.1,35.917209648042416
57.1,36.4,36.862393986429204
57.1,36.5,36.73673575223998
57.1,36.6,36.27470635279424
57.1,36.8,34.529187628511494
57.1,36.9,33.503279606954194
57.1,37.0,32.6139794584751
57.2,34.0,34.6592992787248
57.2,34.1,34.799133164248886
57.2,34.2,34.9510014085565
57.2,34.3,35.033670556978485
57.2,34.4,35.0152191210454
57.2,34.5,34.85956437794066
57.2,34.6,34.521757663330156
57.2,34.8,33.53802546833391
57.2,34.9,32.9498572034343
57.2,35.0,32.33653454520485
57.2,35.1,31.75620205992625
57.2,35.2,31.288090586842298
57.2,35.3,31.04679664376775
57.2,35.4,31.117102047997843
57.2,35.5,31.4015598779183
57.2,35.6,31.833388811203612
57.2,35.7,32.40511971537269
57.2,35.8,33.09032306794459
57.2,35.9,33.81776834169083
57.2,36.0,34.51885484976299
57.2,36.1,35.15153721166866
57.2,36.2,35.69652600460418
57.2,36.3,36.1263869895744
57.2,36.4,36.34242394154407
57.2,36.6,35.78870240874218
57.2,36.7,35.01954503095675
57.2,36.9,33.10262856266888
57.3,34.0,34.61857884435638
57.3,34.1,34.614873354281855
57.3,34.2,34.592939683805845
57.3,34.3,34.49990728977042
57.3,34.4,34.296635899899314
57.3,34.5,33.958942361961604
57.3,34.6,33.50253595417532
57.3,34.7,32.98590932581028
57.3,34.8,32.42417737343144
57.3,34.9,31.819062264558855
57.3,35.0,31.214925175769835
57.3,35.1,30.662900103683373
57.3,35.2,30.21195707896508
57.3,35.4,30.076365068337886
57.3,35.5,30.379009838266214
57.3,35.6,30.800008488981064
57.3,35.7,31.39611705610378
57.3,35.8,32.17616996370014
57.3,35.9,33.001876764411975
57.3,36.0,33.78965736622854
57.3,36.1,34.51499949463652
57.3,36.2,35.15502285085049
57.3,36.3,35.642360755279554
57.3,36.4,35.888299369404244
57.3,36.5,35.79691636453238
57.3,36.9,32.840235460934174
57.3,37.0,32.074260738235246
57.4,34.0,34.630869869316065
57.4,34.1,34.523152954777764
57.4,34.2,34.36956827520971
57.4,34.3,34.1331042768585
57.4,34.4,33.782005135959054
57.4,34.7,32.17979815611355
57.4,34.8,31.566627071809968
57.4,34.9,30.920084497716697
57.4,35.0,30.32369100028289
57.4,35.1,29.79975899692927
57.4,35.2,29.42335001633642
57.4,35.4,29.34458697833862
57.4,35.5,29.62379738005798
57.4,35.8,31.502131911638944
57.4,35.9,32.39920177987243
57.4,36.2,34.75211104374693
57.4,36.3,35.2815218883001
57.4,36.5,35.39955794080334
57.4,36.6,34.951777652065665
57.4,36.7,34.263426419273635
57.4,36.9,32.663741877734935
57.4,37.0,31.985852732763366
57.5,34.0,34.71726660952977
57.5,34.1,34.538265518549586
57.5,34.2,34.294327342893965
57.5,34.3,33.957201347400634
57.5,34.4,33.509586996911196
57.5,34.5,32.95620997984541
57.5,34.6,32.334863119919355
57.5,34.7,31.699325478392886
57.5,34.8,31.02778322238178
57.5,35.0,29.76735589188951
57.5,35.2,28.976976262312345
57.5,35.3,28.86656557237896
57.5,35.4,28.945998802302977
57.5,35.5,29.209457642259245
57.5,35.6,29.687778439092263
57.5,35.7,30.362489449773143
57.5,35.8,31.198897273403375
57.5,35.9,32.070851656699176
57.5,36.1,33.7868919509266
57.5,36.3,35.027153055437765
57.5,36.4,35.251465508032865
57.5,36.5,35.095167394228376
57.5,36.6,34.662998790190365
57.5,36.8,33.31123394878277
57.5,36.9,32.56868217261807
57.6,34.0,34.88980892843392
57.6,34.1,34.67169854401745
57.6,34.2,34.37688842329203
57.6,34.3,33.97888690869809
57.6,34.5,32.876816800345054
57.6,34.6,32.21008146994207
57.6,34.7,31.52402550141407
57.6,34.8,30.86871121992382
57.6,34.9,30.24027511702089
57.6,35.0,29.679248733705457
57.6,35.1,29.197801894831116
57.6,35.2,28.893640255882318
57.6,35.3,28.79335747323178
57.6,35.4,28.859419585684687
57.6,35.6,29.696047806028123
57.6,35.7,30.427587966263147
57.6,35.8,31.226619623212585
57.6,36.0,32.930404077258984
57.6,36.1,33.751031717576964
57.6,36.2,34.42431069259395
57.6,36.3,34.891680332109075
57.6,36.5,34.89979432256076
57.6,36.6,34.47363666604029
57.6,36.7,33.907132939642246
57.6,36.8,33.249673285474856
57.6,36.9,32.58703572194614
57.6,37.0,32.02173914715634
57.7,34.0,35.14981832439501
57.7,34.1,34.924357494696196
57.7,34.2,34.61894085906406
57.7,34.3,34.19325325298659
57.7,34.4,33.66268321814613
57.7,34.5,33.04342209962236
57.7,34.6,32.342556908325534
57.7,34.8,31.040336055471972
57.7,34.9,30.48990986101749
57.7,35.0,29.959646244653207
57.7,35.1,29.47906445950989
57.7,35.3,29.023858942557503
57.7,35.4,29.108836912203017
57.7,35.5,29.43798372640701
57.7,35.6,30.0257905305677
57.7,35.7,30.759785886823348
57.7,35.8,31.558444427190818
57.7,35.9,32.37847375011962
57.7,36.0,33.19708346317768
57.7,36.1,33.92922769521107
57.7,36.2,34.50235531442003
57.7,36.3,34.869078227920326
57.7,36.4,34.97904595992668
57.7,36.5,34.78681821740731
57.7,36.6,34.382214889278295
57.7,36.7,33.86033335290352
57.7,36.8,33.26611373342474
57.7,37.0,32.17212306183157
57.8,34.0,35.48710290342979
57.8,34.1,35.274969341394005
57.8,34.3,34.56834106073555
57.8,34.4,34.05213211197478
57.8,34.5,33.45619315358709
57.8,34.6,32.77826355528637
57.8,34.8,31.547008522113543
57.8,34.9,31.04009924004438
57.8,35.0,30.54449872191176
57.8,35.1,30.085096448799792
57.8,35.3,29.608261836423832
57.8,35.5,30.02676553215551
57.8,35.6,30.614600617265435
57.8,35.7,31.33175646409685
57.8,35.8,32.13184099044863
57.8,35.9,32.93842568383224
57.8,36.0,33.6870921914503
57.8,36.1,34.317442696623885
57.8,36.2,34.77421114797522
57.8,36.3,35.018901739429296
57.8,36.4,35.033124047652514
57.8,36.5,34.819210602863464
57.8,36.7,33.93369801717469
57.8,36.8,33.37781953541119
57.8,36.9,32.826012150515865
57.8,37.0,32.3472432654344
57.9,34.0,35.88929474481196
57.9,34.1,35.68844825835561
57.9,34.2,35.422798427452456
57.9,34.3,35.0592311189091
57.9,34.4,34.61363714609291
57.9,34.5,34.09642812300013
57.9,34.6,33.51614089088718
57.9,34.7,32.92136873151005
57.9,34.8,32.38449842325789
57.9,35.0,31.40704658613704
57.9,35.1,30.992119501319447
57.9,35.3,30.56177917264999
57.9,35.4,30.614211226384615
57.9,35.6,31.45424733622424
57.9,35.8,32.91907917397816
57.9,35.9,33.693075024835636
57.9,36.0,34.37052117534453
57.9,36.1,34.89901046453792
57.9,36.2,35.23806697392959
57.9,36.3,35.35374629324823
57.9,36.4,35.272710522849756
57.9,36.5,35.026175719023826
57.9,36.7,34.14925643229059
58.0,34.0,36.354490346029024
58.0,34.1,36.17652651884326
58.0,34.2,35.95002643012713
58.0,34.3,35.6666236312072
58.0,34.4,35.322658380373746
58.0,34.5,34.918135763419826
58.0,34.6,34.45864726098785
58.0,34.8,33.45946684059915
58.0,34.9,32.96498705157489
58.0,35.1,32.127314608017045
58.0,35.3,31.764899768278195
58.0,35.4,31.833777494510855
58.0,35.6,32.583132493609384
58.0,35.8,33.92141703367126
58.0,35.9,34.62579216088198
58.0,36.0,35.223069304887254
58.0,36.1,35.63064437703016
58.0,36.3,35.82288857875067
58.0,36.5,35.345935918985774
58.0,36.6,34.9615769084059
58.0,36.8,33.9910302469478
58.0,36.9,33.46374164799457
58.0,37.0,32.96501202495673
58.1,34.0,36.88317213926624
58.1,34.1,36.74257872356916
58.1,34.2,36.57092280542772
58.1,34.3,36.38118547235107
58.1,34.4,36.15311908125841
58.1,34.5,35.87276513145582
58.1,34.7,35.134080932820424
58.1,34.8,34.68980464080234
58.1,34.9,34.22656555785771
58.1,35.0,33.78867646426817
58.1,35.2,33.191802018959
58.1,35.3,33.12407302050966
58.1,35.4,33.222090071223036
58.1,35.5,33.48647811168481
58.1,35.6,33.92208815232735
58.1,35.7,34.468508539829145
58.1,35.8,35.07168017962243
58.1,35.9,35.66522018125337
58.1,36.1,36.4172207906425
58.1,36.3,36.350166349056984
58.1,36.4,36.08090338385322
58.1,36.6,35.37618981426762
58.1,36.7,34.952004773775435
58.1,36.9,33.921499886209816
58.1,37.0,33.38104451961524
58.2,34.0,37.47233428165783
58.2,34.1,37.38503551675856
58.2,34.3,37.18949048878101
58.2,34.4,37.08155346832427
58.2,34.5,36.92105322332106
58.2,34.6,36.698784741191744
58.2,34.7,36.403049831052215
58.2,34.8,36.02870200928828
58.2,34.9,35.586954475032
58.2,35.0,35.15771148920031
58.2,35.1,34.80511063555204
58.2,35.2,34.58531286772496
58.2,35.3,34.55072310038411
58.2,35.4,34.68122186848424
58.2,35.5,34.95443688169875
58.2,35.6,35.34136956199259
58.2,35.7,35.80340880609526
58.2,35.8,36.283490437471144
58.2,35.9,36.70637525739886
58.2,36.0,37.02972851913553
58.2,36.1,37.18105027806099
58.2,36.3,36.9171882131019
58.2,36.5,36.23667139715733
58.2,36.6,35.86134446300901
58.2,36.7,35.43926588442376
58.2,36.9,34.349884970065624
58.2,37.0,33.76249879519115
58.3,34.0,38.110834887011826
58.3,34.1,38.10319523918145
58.3,34.2,38.09597519008476
58.3,34.4,38.09329114372512
58.3,34.6,37.92496174984643
58.3,34.7,37.73240947850316
58.3,35.0,36.554402258952386
58.3,35.1,36.2041855309944
58.3,35.3,36.00123188295054
58.3,35.5,36.439145585255
58.3,35.6,36.77268003606881
58.3,35.7,37.14046564691742
58.3,35.9,37.736161696402796
58.3,36.0,37.89014895213296
58.3,36.2,37.803830815515674
58.3,36.3,37.523196617427914
58.3,36.5,36.785604959690886
58.3,36.6,36.37996208792481
58.3,36.7,35.90796354820668
58.3,36.8,35.34458992174043
58.3,36.9,34.70462602489897
58.3,37.0,34.08554522884169
58.4,34.1,38.844826487535244
58.4,34.2,38.95938253574254
58.4,34.4,39.160978734296265
58.4,34.5,39.18607886808462
58.4,34.6,39.16124404585735
58.4,34.8,38.73168110503028
58.4,34.9,38.32946530024752
58.4,35.0,37.943693676553714
58.4,35.1,37.62251718277756
58.4,35.3,37.48280644237336
58.4,35.5,37.93627109808245
58.4,35.6,38.18859005756705
58.4,35.7,38.429301403007806
58.4,35.8,38.62748846438788
58.4,35.9,38.727233045614256
58.4,36.0,38.74038427719243
58.4,36.1,38.663458849458
58.4,36.2,38.46965878414893
58.4,36.4,37.7852781619237
58.4,36.5,37.37200100097479
58.4,36.6,36.91723389894869
58.4,36.8,35.72539846838742
58.4,36.9,35.01477595196446
58.4,37.0,34.34601673646921
58.5,34.0,39.39276306949443
58.5,34.1,39.55034071210418
58.5,34.2,39.79076162659096
58.5,34.3,40.04254082132997
58.5,34.4,40.21499876042508
58.5,34.5,40.31159949195815
58.5,34.6,40.33382707744084
58.5,34.8,39.9592485735601
58.5,34.9,39.61774660333508
58.5,35.0,39.29939830434267
58.5,35.1,39.04280818376997
58.5,35.4,39.18210707303643
58.5,35.6,39.563464924287025
58.5,35.7,39.67737711681929
58.5,35.8,39.73549367586861
58.5,35.9,39.69381785589471
58.5,36.0,39.57565430312725
58.5,36.1,39.398154798129276
58.5,36.2,39.1467589341718
58.5,36.3,38.81289513948614
58.5,36.4,38.41003793889697
58.5,36.5,37.95900032850282
58.5,36.6,37.45390258406566
58.5,36.7,36.85031790202361
58.5,36.8,36.10563339171619
58.5,36.9,35.313100172390335
58.6,34.0,40.00633854850874
58.6,34.2,40.583092537075444
58.6,34.4,41.22665343183479
58.6,34.5,41.386879066227955
58.6,34.6,41.43265362295004
58.6,34.7,41.32312760162
58.6,34.8,41.09143141444242
58.6,34.9,40.82650947011516
58.6,35.0,40.592089800519354
58.6,35.1,40.427522754594236
58.6,35.4,40.63316256346225
58.6,35.5,40.78328915580688
58.6,35.6,40.854281647197205
58.6,35.7,40.86637069005295
58.6,35.9,40.62436458718948
58.6,36.1,40.12503163541858
58.6,36.3,39.44789257398387
58.6,36.4,39.013081284582874
58.6,36.5,38.52442405159541
58.6,36.6,37.97348468185912
58.6,36.8,36.45597804844463
58.6,37.0,34.854954105443454
58.7,34.0,40.63185315144559
58.7,34.1,40.93177718748282
58.7,34.2,41.33822606076125
58.7,34.3,41.77375071742274
58.7,34.5,42.37959283291903
58.7,34.7,42.323038931105124
58.7,34.8,42.12807300187276
58.7,34.9,41.93549808483554
58.7,35.0,41.785112738148285
58.7,35.1,41.70962257403986
58.7,35.2,41.729391856306314
58.7,35.3,41.84341487456711
58.7,35.5,42.066481791441404
58.7,35.6,42.0572179665569
58.7,35.7,41.9484769142326
58.7,35.9,41.47045925939414
58.7,36.0,41.14717603646688
58.7,36.1,40.821627962149236
58.7,36.2,40.47165518069716
58.7,36.3,40.06566405802372
58.7,36.4,39.592620586814526
58.7,36.5,39.051564321961195
58.7,36.7,37.634989419493316
58.7,36.8,36.71975284444186
58.7,37.0,35.07859482385876
58.8,34.0,41.218418375898615
58.8,34.1,41.584967297687875
58.8,34.2,42.02815897237073
58.8,34.3,42.48741761175786
58.8,34.4,42.90578641358829
58.8,34.6,43.27261180669659
58.8,34.7,43.183856324891245
58.8,34.8,43.049251510640055
58.8,34.9,42.926112828710075
58.8,35.0,42.84938575403688
58.8,35.1,42.84787022903036
58.8,35.2,42.93237702232915
58.8,35.3,43.06746295188945
58.8,35.4,43.16963624883897
58.8,35.5,43.1998884255943
58.8,35.7,42.895029093289864
58.8,35.9,42.21587004411789
58.8,36.0,41.83916243725549
58.8,36.2,41.10276939604247
58.8,36.3,40.67216197940088
58.8,36.4,40.15748024285889
58.8,36.5,39.54006663002132
58.8,36.6,38.80655190862372
58.8,36.7,37.941904130797035
58.8,36.8,36.99366774329378
58.8,36.9,36.0515605039435
58.8,37.0,35.26655310232879
58.9,34.0,41.73355701234483
58.9,34.1,42.16506761260481
58.9,34.2,42.656991309654956
58.9,34.3,43.12424878856407
58.9,34.4,43.52985471185662
58.9,34.5,43.824085598823146
58.9,34.7,43.91243592492565
58.9,34.8,43.849594922470935
58.9,34.9,43.79293095271687
58.9,35.0,43.77384257478391
58.9,35.2,43.95927558639488
58.9,35.4,44.16670301781735
58.9,35.6,44.00209927752661
58.9,35.7,43.69181518834362
58.9,35.9,42.89624258618776
58.9,36.1,42.10806236125687
58.9,36.2,41.72109789097344
58.9,36.3,41.276432872419676
58.9,36.4,40.73141669564847
58.9,36.5,40.03713814500589
58.9,36.6,39.213600786551446
58.9,36.7,38.29164633363501
58.9,36.8,37.323587732225455
58.9,36.9,36.35068328870696
59.0,34.2,43.267018330880354
59.0,34.3,43.714250981159594
59.0,34.4,44.082115412911904
59.0,34.6,44.49002550749239
59.0,34.8,44.54814608102747
59.0,34.9,44.5563772162902
59.0,35.1,44.67279162870506
59.0,35.2,44.79741092933648
59.0,35.3,44.909409350968126
59.0,35.4,44.9578528797827
59.0,35.7,44.353348320439046
59.0,35.8,43.94641273558934
59.0,35.9,43.53047180009566
59.0,36.1,42.73000025169533
59.0,36.3,41.86432434406521
59.0,36.5,40.54460689286487
59.0,36.6,39.65970212016022
59.0,36.8,37.72256583812698
59.0,36.9,36.79548693495589
59.0,37.0,35.9991622457882
59.1,34.0,42.86108037493414
59.1,34.1,43.3465099094703
59.1,34.3,44.25984588437174
59.1,34.4,44.57796243621508
59.1,34.5,44.81987812888628
59.1,34.6,44.97579052105523
59.1,34.7,45.08172709269729
59.1,34.8,45.17297790643526
59.1,34.9,45.253139020724
59.1,35.0,45.32870399328119
59.1,35.1,45.41954586639455
59.1,35.2,45.50753202423973
59.1,35.3,45.563793763002195
59.1,35.4,45.562228365316656
59.1,35.5,45.47052590764642
59.1,35.6,45.23597084231356
59.1,35.7,44.881581090911354
59.1,35.8,44.48512829739149
59.1,35.9,44.106354304221405
59.1,36.0,43.72418993974193
59.1,36.1,43.323513861030655
59.1,36.2,42.88980968228346
59.1,36.3,42.398858352178806
59.1,36.4,41.78688518854065
59.1,36.7,39.10766916870609
59.1,36.8,38.15211544263414
59.1,36.9,37.27668490691457
59.1,37.0,36.52590078614948
59.2,34.0,43.454628515367624
59.2,34.1,43.90268153188234
59.2,34.2,44.357386996471995
59.2,34.3,44.72951880152224
59.2,34.5,45.24241920617749
59.2,34.6,45.41081261831804
59.2,34.7,45.56558948015636
59.2,34.8,45.737386371048686
59.2,34.9,45.8923082993752
59.2,35.0,46.00520021423986
59.2,35.1,46.087353736585996
59.2,35.2,46.136781986304335
59.2,35.3,46.138058515057274
59.2,35.4,46.07343576259667
59.2,35.5,45.92384579698204
59.2,35.6,45.67718972492055
59.2,35.7,45.34358247915282
59.2,35.9,44.641640382577364
59.2,36.0,44.28511579514745
59.2,36.1,43.86990334158058
59.2,36.2,43.402121218357124
59.2,36.5,41.353112572333835
59.2,36.6,40.40682557830631
59.2,36.7,39.45426083146099
59.2,36.8,38.54423422615309
59.2,36.9,37.711981243795975
59.2,37.0,36.98627778177845
59.3,34.0,43.955528530592524
59.3,34.1,44.38386877116688
59.3,34.2,44.802244981465044
59.3,34.3,45.14733921270223
59.3,34.4,45.414997387657095
59.3,34.5,45.62703858449614
59.3,34.6,45.80435656063776
59.3,34.8,46.25889768570579
59.3,35.0,46.619720515768236
59.3,35.1,46.69372826471051
59.3,35.2,46.71019205171536
59.3,35.3,46.6625983691991
59.3,35.4,46.544586348648146
59.3,35.5,46.35266091623641
59.3,35.6,46.097672874880395
59.3,35.7,45.80670605810303
59.3,35.8,45.49400009907841
59.3,36.0,44.82232073469712
59.3,36.1,44.36732798164018
59.3,36.2,43.83893577850913
59.3,36.3,43.24258777104458
59.3,36.5,41.61628822966488
59.3,36.7,39.73986486167906
59.3,36.8,38.88165431147026
59.3,36.9,38.08769880374818
59.3,37.0,37.38406857038331
59.4,34.0,44.367247541609174
59.4,34.4,45.75940430981598
59.4,34.5,45.98334816945961
59.4,34.6,46.185858005810765
59.4,34.9,47.0224912854559
59.4,35.0,47.184195271082515
59.4,35.1,47.256670221504365
59.4,35.2,47.24481867975182
59.4,35.3,47.15413284157784
59.4,35.4,46.99112738468019
59.4,35.5,46.76465555520158
59.4,35.7,46.25181724686387
59.4,35.8,45.99305523241357
59.4,35.9,45.70074023064261
59.4,36.1,44.80925417811353
59.4,36.2,44.21015264286458
59.4,36.3,43.533234556104745
59.4,36.4,42.74180127879981
59.4,36.5,41.829192665233414
59.4,36.6,40.88665216591498
59.4,36.7,40.00562979855605
59.4,36.8,39.178955525350304
59.4,36.9,38.41127135273561
59.4,37.0,37.72621628055107
59.5,34.0,44.68936283100519
59.5,34.1,45.06468813316027
59.5,34.2,45.42914976376353
59.5,34.3,45.75207450674299
59.5,34.4,46.04244437764531
59.5,34.5,46.31863818026228
59.5,34.6,46.580000150778474
59.5,34.8,47.22364535502902
59.5,34.9,47.528730877696404
59.5,35.0,47.722257886105375
59.5,35.1,47.7901808139894
59.5,35.2,47.748778189972526
59.5,35.3,47.61615680858312
59.5,35.4,47.41182976343989
59.5,35.5,47.162122200087516
59.5,35.6,46.90020782000733
59.5,35.7,46.66269845926323
59.5,35.8,46.435595609431275
59.5,36.0,45.73250684337255
59.5,36.1,45.178259229726216
59.5,36.2,44.5303451754863
59.5,36.4,42.94901448469602
59.5,36.5,42.02933678272413
59.5,36.7,40.260578986863244
59.5,36.8,39.452842797350456
59.5,36.9,38.69460313986644
59.5,37.0,38.02012492082606
59.6,34.0,44.94719481747595
59.6,34.1,45.27993259881645
59.6,34.2,45.60592707215064
59.6,34.3,45.93362211319846
59.6,34.4,46.279217562015724
59.6,34.5,46.63482730676519
59.6,34.6,46.985956478245434
59.6,34.8,47.705369389229126
59.6,34.9,48.019913177367705
59.6,35.1,48.28867956833474
59.6,35.2,48.21574570316365
59.6,35.4,47.78926142854057
59.6,35.5,47.51570675186494
59.6,35.6,47.24664907647054
59.6,35.8,46.82513985674477
59.6,35.9,46.54264839055008
59.6,36.0,46.08980404034866
59.6,36.1,45.49875842577127
59.6,36.2,44.809571991802635
59.6,36.3,44.0318789689409
59.6,36.4,43.165949271359665
59.6,36.6,41.372344821533545
59.6,36.7,40.53309994334098
59.6,36.8,39.72332009298594
59.6,36.9,38.953159124701834
59.6,37.0,38.27139867496148
59.7,34.0,45.1658854066449
59.7,34.2,45.7534347062544
59.7,34.4,46.484131385772116
59.7,34.5,46.928485195290015
59.7,34.6,47.37283982074536
59.7,34.7,47.79476243554506
59.7,34.9,48.46721429463989
59.7,35.0,48.65038259094829
59.7,35.3,48.373956859647215
59.7,35.4,48.10110924843694
59.7,35.5,47.81724427240934
59.7,35.7,47.35679437406374
59.7,35.8,47.18292859768537
59.7,36.0,46.41422478404587
59.7,36.1,45.78147550075451
59.7,36.2,45.0645610817833
59.7,36.3,44.26551437854511
59.7,36.4,43.401965657265144
59.7,36.5,42.516460519167936
59.7,36.6,41.65657036619256
59.7,36.7,40.823977028557664
59.7,36.8,40.0123726008876
59.7,36.9,39.22868510292881
59.8,34.0,45.361638416893875
59.8,34.1,45.628535118852426
59.8,34.5,47.20314646391542
59.8,34.6,47.72323413864827
59.8,34.7,48.20507621983894
59.8,34.8,48.59311314334746
59.8,34.9,48.86596544094868
59.8,35.0,48.9843946040188
59.8,35.1,48.97008205389359
59.8,35.2,48.835805705711586
59.8,35.3,48.6032663088297
59.8,35.4,48.33522903301643
59.8,35.5,48.08050286272686
59.8,35.6,47.84021788060802
59.8,35.7,47.638278524144724
59.8,35.8,47.448925615892385
59.8,36.0,46.64784291336845
59.8,36.1,46.00625984388048
59.8,36.2,45.29558695001727
59.8,36.3,44.490461297556756
59.8,36.4,43.631499522740334
59.8,36.5,42.76845802417188
59.8,36.6,41.939833265236445
59.8,36.7,41.1312290863611
59.8,36.8,40.3334874182539
59.8,36.9,39.575163265602995
59.8,37.0,38.924537148078684
59.9,34.0,45.55459558357555
59.9,34.1,45.80981175713499
59.9,34.5,47.45892453152917
59.9,34.6,48.006920386957724
59.9,34.8,48.924403292594874
59.9,35.0,49.235930367179115
59.9,35.1,49.147064685068436
59.9,35.2,48.983367330227146
59.9,35.3,48.75566959113248
59.9,35.5,48.290722961029
59.9,35.6,48.05931103899508
59.9,35.7,47.81943014375285
59.9,35.8,47.56510067557764
59.9,35.9,47.230562118116
59.9,36.0,46.73609873822059
59.9,36.1,46.14221414970783
59.9,36.3,44.67925221238193
59.9,36.4,43.83742283905538
59.9,36.6,42.22375657816429
59.9,36.7,41.458119385281044
59.9,36.8,40.68141460093388
59.9,37.0,39.34254266077632
60.0,34.0,45.75321036162907
60.0,34.1,46.000974933294614
60.0,34.3,46.690938622048975
60.0,34.4,47.15780284501004
60.0,34.5,47.65836731035757
60.0,34.6,48.172494874236826
60.0,34.7,48.659090127696885
60.0,34.8,49.067035400427514
60.0,35.0,49.34862949706249
60.0,35.1,49.23114995657487
60.0,35.2,49.06529791639207
60.0,35.3,48.86095799922599
60.0,35.4,48.64735996366343
60.0,35.6,48.186112076990845
60.0,35.7,47.90413398917129
60.0,35.8,47.593539365975616
60.0,35.9,47.21555954461813
60.0,36.0,46.74135628967757
60.0,36.1,46.179803965736376
60.0,36.2,45.536869960862354
60.0,36.3,44.80216341153794
60.0,36.4,44.022923839872874
60.0,36.5,43.24692386852728
60.0,36.6,42.50987498810138
60.0,36.9,40.3522147766527
60.0,37.0,39.75579324139355
